{
    "stat": {
        "ru_self_end": {
            "ru_utime_sec": 4.3347860000000003,
            "ru_stime_sec": 0.067462999999999995,
            "ru_nivcsw": 90,
            "ru_nvcsw": 23,
            "ru_maxrss_kb": 146224,
            "ru_minflt": 53347,
            "ru_majflt": 0
        },
        "ru_childs_end": {
            "ru_utime_sec": 0.016775000000000002,
            "ru_stime_sec": 0.010947999999999999,
            "ru_nivcsw": 6,
            "ru_nvcsw": 17,
            "ru_maxrss_kb": 81640,
            "ru_minflt": 6320,
            "ru_majflt": 0
        },
        "cpu_cycles_end": 195430408199972,
        "peak_mem_kb": 345292
    },
    "Modules": {
        "...MASTER...": {
            "nMops": 0,
            "start_perf": [
                3.7292578220367432,
                3.6559029999999999,
                0.052141,
                338152,
                345292,
                1668664729.9001589,
                195428740009886
            ],
            "child_modules": {
                "simpleadder_pkg": 1,
                "uvm_pkg": 1,
                "_vcs_unit__3328456408": 1,
                "tb": 1,
                "vcs_paramclassrepository": 1,
                "_vcs_DPI_package": 1,
                "std": 1
            },
            "end_perf": [
                3.7554290294647217,
                3.6777570000000002,
                0.056455999999999999,
                339136,
                345292,
                195428802857696,
                0,
                0
            ],
            "nQuads": 0,
            "nRouts": 5
        }
    },
    "CompUnits": {
        "amcQw_d": {
            "checksum": 0,
            "mode": 4,
            "text": 570,
            "bytes": 8834,
            "mod": "...MASTER...",
            "out": "objs/amcQw_d.o"
        }
    },
    "reusePaths": {},
    "ObjArchives": []
}